GEOID,NAME,Total,Hispanic,White,Black,AmerInd,Asian,PacIsl,Other,Multiracial,White_per,Black_per,Hispanic_per,Asian_per
13057,"Cherokee County, Georgia",266620,32111,197867,17326,502,5429,100,1544,11741,74.21311229465157,6.498387217763109,12.043732653214311,2.036231340484585
13063,"Clayton County, Georgia",297595,42546,25902,205301,601,13491,119,1800,7835,8.703775265041415,68.9867101261782,14.296611166182227,4.53334229405736
13067,"Cobb County, Georgia",766149,111240,369182,200072,1289,42533,293,7382,34158,48.186710417947424,26.113980439836116,14.519368947815634,5.5515310990420925
13089,"DeKalb County, Georgia",764382,81471,215895,384438,1161,50076,202,4719,26420,28.244385660572856,50.2939629661609,10.658414248373195,6.551174674442883
13117,"Forsyth County, Georgia",251283,25226,159407,10455,456,45117,85,1255,9282,63.43724008388948,4.160647556738816,10.038880465451303,17.95465670180633
13121,"Fulton County, Georgia",1066710,86302,404793,448803,1558,80632,381,6444,37797,37.94780212053885,42.073572011137045,8.090483824094646,7.558942917943959
13135,"Gwinnett County, Georgia",957062,220460,310583,257124,1532,126526,387,6489,33961,32.451711592352424,26.865971065615398,23.03508027693086,13.220251143604072
13151,"Henry County, Georgia",240712,18437,86297,116431,427,7976,119,1650,9375,35.850726179002294,48.36942071853501,7.659360563661139,3.3135032736215897
